Naive Bayes,Decision Tree,kNN,Logistic Regression,Agreement Count,Models Agree
0,0,0,0,1,True
1,1,1,1,1,True
0,0,0,0,1,True
1,1,0,1,2,False
0,0,0,0,1,True
1,1,1,1,1,True
1,1,1,1,1,True
0,0,0,0,1,True
0,0,0,0,1,True
0,0,0,0,1,True
1,1,1,1,1,True
0,0,0,0,1,True
1,1,1,1,1,True
0,0,0,0,1,True
0,0,0,0,1,True
1,1,1,1,1,True
0,1,1,0,2,False
1,1,1,1,1,True
1,1,1,1,1,True
1,1,1,1,1,True
0,0,0,0,1,True
0,0,0,0,1,True
1,1,1,1,1,True
1,1,1,1,1,True
1,1,1,1,1,True
1,0,1,1,2,False
0,0,0,0,1,True
1,1,1,1,1,True
1,1,1,1,1,True
1,1,1,1,1,True
0,1,1,1,2,False
1,1,1,1,1,True
1,1,1,1,1,True
1,0,1,1,2,False
0,0,0,0,1,True
1,0,1,0,2,False
1,1,1,1,1,True
1,0,1,1,2,False
1,1,0,1,2,False
0,0,0,0,1,True
1,1,1,1,1,True
1,1,1,1,1,True
1,1,1,1,1,True
0,0,0,0,1,True
0,0,0,0,1,True
1,0,1,1,2,False
1,1,1,1,1,True
1,1,1,1,1,True
1,0,1,1,2,False
0,0,0,0,1,True
1,1,1,1,1,True
1,1,1,1,1,True
1,1,1,1,1,True
1,1,1,1,1,True
1,1,1,1,1,True
1,1,1,1,1,True
1,1,1,1,1,True
0,0,0,0,1,True
0,0,0,0,1,True
1,1,1,1,1,True
1,1,1,1,1,True
1,1,1,1,1,True
1,1,1,1,1,True
1,1,1,1,1,True
0,0,0,0,1,True
1,1,0,0,2,False
1,0,1,1,2,False
1,1,1,1,1,True
1,1,1,1,1,True
1,1,1,1,1,True
1,1,1,1,1,True
1,1,1,1,1,True
1,1,1,1,1,True
0,0,0,0,1,True
0,0,0,0,1,True
0,0,0,0,1,True
0,0,0,0,1,True
1,1,1,1,1,True
1,1,1,1,1,True
1,1,1,1,1,True
1,1,1,1,1,True
1,1,1,1,1,True
0,0,0,0,1,True
1,1,1,1,1,True
1,1,1,0,2,False
1,1,1,1,1,True
1,1,1,1,1,True
1,1,1,1,1,True
1,1,1,1,1,True
1,1,1,1,1,True
1,1,1,1,1,True
1,1,1,1,1,True
0,0,0,0,1,True
0,0,0,0,1,True
0,0,0,0,1,True
1,1,1,1,1,True
0,0,0,0,1,True
1,1,1,1,1,True
0,0,0,0,1,True
1,1,1,1,1,True
0,0,0,0,1,True
0,0,0,0,1,True
0,0,0,0,1,True
1,1,1,1,1,True
0,0,0,0,1,True
0,0,0,0,1,True
1,1,1,1,1,True
0,0,0,0,1,True
0,1,1,1,2,False
0,0,0,0,1,True
0,1,1,1,2,False
0,0,0,0,1,True
1,1,1,1,1,True
1,1,1,1,1,True
