Actual,Naive Bayes,Decision Tree,Logistic Regression
0,0,0,0
0,0,0,0
0,0,0,0
0,0,0,0
0,0,0,0
0,0,0,0
0,0,0,0
0,0,0,0
1,1,1,1
0,0,0,0
0,0,0,0
0,0,0,0
0,0,0,0
1,1,1,1
1,1,1,1
1,1,1,1
0,0,0,0
0,0,0,0
0,0,0,0
1,1,1,1
0,0,0,0
0,0,0,0
0,0,0,0
0,0,0,0
0,0,0,0
0,0,0,0
0,0,0,0
1,1,1,1
0,0,0,0
0,0,0,0
0,0,0,0
1,1,1,1
0,0,0,0
0,0,0,0
0,0,0,0
0,0,0,0
0,0,0,0
1,1,1,1
0,0,0,0
0,0,0,0
0,0,0,0
1,1,1,1
0,0,0,0
0,0,0,0
0,0,0,0
0,0,0,0
0,0,0,0
0,0,0,0
1,1,1,1
0,0,0,0
0,0,0,0
0,0,0,0
0,0,0,0
0,0,0,0
0,0,0,0
1,1,1,1
1,1,1,1
0,0,0,0
0,0,0,0
0,0,0,0
